66.249.73.139,Google
209.185.108,Google
209.185.109,Google
209.185.110,Google
209.185.111,Google
209.185.112,Google
209.185.113,Google
209.185.114,Google
209.185.115,Google
209.185.116,Google
209.185.117,Google
209.185.118,Google
209.185.119,Google
209.185.120,Google
209.185.121,Google
209.185.122,Google
209.185.123,Google
209.185.124,Google
209.185.125,Google
209.185.126,Google
209.185.127,Google
209.185.128,Google
209.185.129,Google
209.185.130,Google
209.185.131,Google
209.185.132,Google
209.185.133,Google
209.185.134,Google
209.185.135,Google
209.185.136,Google
209.185.137,Google
209.185.138,Google
209.185.139,Google
209.185.140,Google
209.185.141,Google
209.185.142,Google
209.185.143,Google
209.185.144,Google
209.185.145,Google
209.185.146,Google
209.185.147,Google
209.185.148,Google
209.185.149,Google
209.185.150,Google
209.185.151,Google
209.185.152,Google
209.185.153,Google
209.185.154,Google
209.185.155,Google
209.185.156,Google
209.185.157,Google
209.185.158,Google
209.185.159,Google
209.185.160,Google
209.185.161,Google
209.185.162,Google
209.185.163,Google
209.185.164,Google
209.185.165,Google
209.185.166,Google
209.185.167,Google
209.185.168,Google
209.185.169,Google
209.185.170,Google
209.185.171,Google
209.185.172,Google
209.185.173,Google
209.185.174,Google
209.185.175,Google
209.185.176,Google
209.185.177,Google
209.185.178,Google
209.185.179,Google
209.185.180,Google
209.185.181,Google
209.185.182,Google
209.185.183,Google
209.185.184,Google
209.185.185,Google
209.185.186,Google
209.185.187,Google
209.185.188,Google
209.185.189,Google
209.185.190,Google
209.185.191,Google
209.185.192,Google
209.185.193,Google
209.185.194,Google
209.185.195,Google
209.185.196,Google
209.185.197,Google
209.185.198,Google
209.185.199,Google
209.185.200,Google
209.185.201,Google
209.185.202,Google
209.185.203,Google
209.185.204,Google
209.185.205,Google
209.185.206,Google
209.185.207,Google
209.185.208,Google
209.185.209,Google
209.185.210,Google
209.185.211,Google
209.185.212,Google
209.185.213,Google
209.185.214,Google
209.185.215,Google
209.185.216,Google
209.185.217,Google
209.185.218,Google
209.185.219,Google
209.185.220,Google
209.185.221,Google
209.185.222,Google
209.185.223,Google
209.185.224,Google
209.185.225,Google
209.185.226,Google
209.185.227,Google
209.185.228,Google
209.185.229,Google
209.185.230,Google
209.185.231,Google
209.185.232,Google
209.185.233,Google
209.185.234,Google
209.185.235,Google
209.185.236,Google
209.185.237,Google
209.185.238,Google
209.185.239,Google
209.185.240,Google
209.185.241,Google
209.185.242,Google
209.185.243,Google
209.185.244,Google
209.185.245,Google
209.185.246,Google
209.185.247,Google
209.185.248,Google
209.185.249,Google
209.185.250,Google
209.185.251,Google
209.185.252,Google
209.185.253,Google
209.185.254,Google
209.185.255,Google
209.185.256,Google
209.185.257,Google
209.185.258,Google
209.185.259,Google
209.185.260,Google
209.185.261,Google
209.185.262,Google
209.185.263,Google
209.185.264,Google
209.185.265,Google
209.185.266,Google
209.185.267,Google
209.185.268,Google
209.185.269,Google
209.185.270,Google
209.185.271,Google
209.185.272,Google
209.185.273,Google
209.185.274,Google
209.185.275,Google
209.185.276,Google
209.185.277,Google
209.185.278,Google
209.185.279,Google
209.185.280,Google
209.185.281,Google
209.185.282,Google
209.185.283,Google
209.185.284,Google
209.185.285,Google
209.185.286,Google
209.185.287,Google
209.185.288,Google
209.185.289,Google
209.185.290,Google
209.185.291,Google
209.185.292,Google
209.185.293,Google
209.185.294,Google
209.185.295,Google
209.185.296,Google
209.185.297,Google
209.185.298,Google
209.185.299,Google
209.185.300,Google
209.185.301,Google
209.185.302,Google
209.185.303,Google
209.185.304,Google
209.185.305,Google
209.185.306,Google
209.185.307,Google
209.185.308,Google
209.185.309,Google
209.185.310,Google
209.185.311,Google
209.185.312,Google
209.185.313,Google
209.185.314,Google
209.185.315,Google
209.185.316,Google
209.185.317,Google
209.185.318,Google
209.185.319,Google
209.185.320,Google
209.185.321,Google
209.185.322,Google
209.185.323,Google
209.185.324,Google
209.185.325,Google
209.185.326,Google
209.185.327,Google
209.185.328,Google
209.185.329,Google
209.185.330,Google
209.185.331,Google
209.185.332,Google
209.185.333,Google
209.185.334,Google
209.185.335,Google
209.185.336,Google
209.185.337,Google
209.185.338,Google
209.185.339,Google
209.185.340,Google
209.185.341,Google
209.185.342,Google
209.185.343,Google
209.185.344,Google
209.185.345,Google
209.185.346,Google
209.185.347,Google
209.185.348,Google
209.185.349,Google
209.185.350,Google
209.185.351,Google
209.185.352,Google
209.185.353,Google
209.185.354,Google
209.185.355,Google
209.185.356,Google
209.185.357,Google
209.185.358,Google
209.185.359,Google
209.185.360,Google
209.185.361,Google
209.185.362,Google
209.185.363,Google
209.185.364,Google
209.185.365,Google
209.185.366,Google
209.185.367,Google
209.185.368,Google
209.185.369,Google
209.185.370,Google
209.185.371,Google
209.185.372,Google
209.185.373,Google
209.185.374,Google
209.185.375,Google
209.185.376,Google
209.185.377,Google
209.185.378,Google
209.185.379,Google
209.185.380,Google
209.185.381,Google
209.185.382,Google
209.185.383,Google
209.185.384,Google
209.185.385,Google
209.185.386,Google
209.185.387,Google
209.185.388,Google
141.185.209,Yahoo
169.207.238,Yahoo
199.177.18.9,Yahoo
202.160.178,Yahoo
202.160.179,Yahoo
202.160.180,Yahoo
202.160.181,Yahoo
202.160.183.182,Yahoo
202.160.183.217,Yahoo
202.160.183.218,Yahoo
202.160.183.219,Yahoo
202.160.183.220,Yahoo
202.160.183.235,Yahoo
202.160.183.239,Yahoo
202.160.183.245,Yahoo
202.160.185.174,Yahoo
202.165.96.142,Yahoo
202.165.98,Yahoo
202.165.99,Yahoo
202.212.5.30,Yahoo
202.212.5.32,Yahoo
202.212.5.33,Yahoo
202.212.5.34,Yahoo
202.212.5.35,Yahoo
202.212.5.36,Yahoo
202.212.5.37,Yahoo
202.212.5.38,Yahoo
202.212.5.39,Yahoo
202.212.5.47,Yahoo
202.212.5.48,Yahoo
202.46.19.93,Yahoo
203.123.188.2,Yahoo
203.141.52.41,Yahoo
203.141.52.42,Yahoo
203.141.52.43,Yahoo
203.141.52.44,Yahoo
203.141.52.45,Yahoo
203.141.52.46,Yahoo
203.141.52.47,Yahoo
203.255.234.102,Yahoo
203.255.234.103,Yahoo
203.255.234.105,Yahoo
203.255.234.106,Yahoo
206.190.43.125,Yahoo
206.190.43.81,Yahoo
207.126.239.224,Yahoo
209.1.12,Yahoo
209.1.13.101,Yahoo
209.1.13.231,Yahoo
209.1.13.232,Yahoo
209.1.32.122,Yahoo
209.1.38,Yahoo
209.131.40,Yahoo
209.131.41,Yahoo
209.131.48,Yahoo
209.131.49.37,Yahoo
209.131.50.153,Yahoo
209.131.51.166,Yahoo
209.131.60.169,Yahoo
209.131.60.170,Yahoo
209.131.60.171,Yahoo
209.131.60.19,Yahoo
209.131.62.107,Yahoo
209.131.62.108,Yahoo
209.131.62.109,Yahoo
209.131.62.214,Yahoo
209.185.122,Yahoo
209.185.141,Yahoo
209.185.143,Yahoo
209.191.123.33,Yahoo
209.191.64.227,Yahoo
209.191.65,Yahoo
209.191.65.249,Yahoo
209.191.65.82,Yahoo
209.191.82.245,Yahoo
209.191.82.252,Yahoo
209.191.83,Yahoo
209.191.83.220,Yahoo
209.191.87.215,Yahoo
209.191.87.216,Yahoo
209.191.87.217,Yahoo
209.191.87.218,Yahoo
209.191.87.219,Yahoo
209.191.87.220,Yahoo
209.191.87.221,Yahoo
209.191.87.222,Yahoo
209.191.87.223,Yahoo
209.67.206.126,Yahoo
209.67.206.127,Yahoo
209.67.206.133,Yahoo
209.73.176.128,Yahoo
209.73.176.129,Yahoo
209.73.176.133,Yahoo
209.73.176.134,Yahoo
209.73.176.136,Yahoo
211.14.8.240,Yahoo
211.169.241.21,Yahoo
213.216.143.37,Yahoo
213.216.143.38,Yahoo
213.216.143.39,Yahoo
216.109.121.70,Yahoo
216.109.121.71,Yahoo
216.109.126.131,Yahoo
216.109.126.133,Yahoo
216.109.126.137,Yahoo
216.109.126.138,Yahoo
216.109.126.139,Yahoo
216.109.126.141,Yahoo
216.109.126.143,Yahoo
216.109.126.145,Yahoo
216.109.126.146,Yahoo
216.109.126.147,Yahoo
216.109.126.150,Yahoo
216.109.126.152,Yahoo
216.109.126.157,Yahoo
216.109.126.158,Yahoo
216.109.126.159,Yahoo
216.109.126.160,Yahoo
216.109.126.161,Yahoo
216.136.233.164,Yahoo
216.145.58.219,Yahoo
216.155.198.60,Yahoo
216.155.200,Yahoo
216.155.202.175,Yahoo
216.155.202.54,Yahoo
216.155.204.40,Yahoo
216.239.193.71,Yahoo
216.239.193.72,Yahoo
216.239.193.73,Yahoo
216.239.193.74,Yahoo
216.239.193.75,Yahoo
216.239.193.76,Yahoo
216.239.193.77,Yahoo
216.239.193.78,Yahoo
216.239.193.79,Yahoo
216.239.193.80,Yahoo
216.239.193.81,Yahoo
216.239.193.82,Yahoo
216.239.193.83,Yahoo
216.239.193.84,Yahoo
216.239.193.85,Yahoo
216.239.193.86,Yahoo
216.32.237.1,Yahoo
216.32.237.10,Yahoo
216.32.237.11,Yahoo
216.32.237.12,Yahoo
216.32.237.13,Yahoo
216.32.237.14,Yahoo
216.32.237.15,Yahoo
216.32.237.16,Yahoo
216.32.237.17,Yahoo
216.32.237.18,Yahoo
216.32.237.19,Yahoo
216.32.237.20,Yahoo
216.32.237.21,Yahoo
216.32.237.22,Yahoo
216.32.237.23,Yahoo
216.32.237.24,Yahoo
216.32.237.25,Yahoo
216.32.237.26,Yahoo
216.32.237.27,Yahoo
216.32.237.28,Yahoo
216.32.237.29,Yahoo
216.32.237.30,Yahoo
216.32.237.7,Yahoo
216.32.237.8,Yahoo
216.32.237.9,Yahoo
62.172.199.20,Yahoo
62.172.199.21,Yahoo
62.172.199.22,Yahoo
62.172.199.23,Yahoo
62.172.199.24,Yahoo
62.27.59.245,Yahoo
63.163.102.180,Yahoo
63.163.102.181,Yahoo
63.163.102.182,Yahoo
64.157.137.219,Yahoo
64.157.137.220,Yahoo
64.157.137.221,Yahoo
64.157.137.225,Yahoo
64.157.138.103,Yahoo
64.157.138.108,Yahoo
64.75.36.42,Yahoo
64.75.36.43,Yahoo
64.75.36.44,Yahoo
64.75.36.45,Yahoo
64.75.36.47,Yahoo
64.75.36.77,Yahoo
64.75.36.79,Yahoo
64.75.36.80,Yahoo
66.163.170.157,Yahoo
66.163.170.159,Yahoo
66.163.170.161,Yahoo
66.163.170.162,Yahoo
66.163.170.166,Yahoo
66.163.170.167,Yahoo
66.163.170.170,Yahoo
66.163.170.172,Yahoo
66.163.170.176,Yahoo
66.163.170.178,Yahoo
66.163.170.179,Yahoo
66.163.170.180,Yahoo
66.163.170.184,Yahoo
66.163.170.185,Yahoo
66.163.170.190,Yahoo
66.163.170.192,Yahoo
66.163.174.65,Yahoo
66.196.101,Yahoo
66.196.65,Yahoo
66.196.67.100,Yahoo
66.196.67.101,Yahoo
66.196.67.102,Yahoo
66.196.67.103,Yahoo
66.196.67.104,Yahoo
66.196.67.105,Yahoo
66.196.67.106,Yahoo
66.196.67.107,Yahoo
66.196.67.108,Yahoo
66.196.67.109,Yahoo
66.196.67.110,Yahoo
66.196.67.111,Yahoo
66.196.67.112,Yahoo
66.196.67.113,Yahoo
66.196.67.114,Yahoo
66.196.67.115,Yahoo
66.196.67.116,Yahoo
66.196.67.117,Yahoo
66.196.67.118,Yahoo
66.196.67.119,Yahoo
66.196.67.120,Yahoo
66.196.67.121,Yahoo
66.196.67.122,Yahoo
66.196.67.123,Yahoo
66.196.67.124,Yahoo
66.196.67.125,Yahoo
66.196.67.126,Yahoo
66.196.67.127,Yahoo
66.196.67.128,Yahoo
66.196.67.129,Yahoo
66.196.67.130,Yahoo
66.196.67.150,Yahoo
66.196.67.151,Yahoo
66.196.67.176,Yahoo
66.196.67.177,Yahoo
66.196.67.178,Yahoo
66.196.67.200,Yahoo
66.196.67.201,Yahoo
66.196.67.202,Yahoo
66.196.67.203,Yahoo
66.196.67.204,Yahoo
66.196.67.205,Yahoo
66.196.67.206,Yahoo
66.196.67.207,Yahoo
66.196.67.208,Yahoo
66.196.67.209,Yahoo
66.196.67.210,Yahoo
66.196.67.211,Yahoo
66.196.67.212,Yahoo
66.196.67.213,Yahoo
66.196.67.214,Yahoo
66.196.67.215,Yahoo
66.196.67.216,Yahoo
66.196.67.217,Yahoo
66.196.67.218,Yahoo
66.196.67.219,Yahoo
66.196.67.220,Yahoo
66.196.67.221,Yahoo
66.196.67.222,Yahoo
66.196.67.223,Yahoo
66.196.67.224,Yahoo
66.196.67.225,Yahoo
66.196.67.226,Yahoo
66.196.67.227,Yahoo
66.196.67.228,Yahoo
66.196.67.229,Yahoo
66.196.67.230,Yahoo
66.196.67.231,Yahoo
66.196.67.232,Yahoo
66.196.67.233,Yahoo
66.196.67.234,Yahoo
66.196.67.235,Yahoo
66.196.67.236,Yahoo
66.196.67.237,Yahoo
66.196.67.238,Yahoo
66.196.67.239,Yahoo
66.196.67.240,Yahoo
66.196.67.254,Yahoo
66.196.67.30,Yahoo
66.196.67.31,Yahoo
66.196.67.32,Yahoo
66.196.67.33,Yahoo
66.196.67.34,Yahoo
66.196.67.35,Yahoo
66.196.67.36,Yahoo
66.196.67.37,Yahoo
66.196.67.38,Yahoo
66.196.67.39,Yahoo
66.196.67.70,Yahoo
66.196.67.71,Yahoo
66.196.67.72,Yahoo
66.196.67.73,Yahoo
66.196.67.74,Yahoo
66.196.67.75,Yahoo
66.196.67.76,Yahoo
66.196.67.77,Yahoo
66.196.67.78,Yahoo
66.196.67.79,Yahoo
66.196.67.80,Yahoo
66.196.67.94,Yahoo
66.196.67.95,Yahoo
66.196.67.96,Yahoo
66.196.67.97,Yahoo
66.196.67.98,Yahoo
66.196.67.99,Yahoo
66.196.72,Yahoo
66.196.73,Yahoo
66.196.74,Yahoo
66.196.77,Yahoo
66.196.78,Yahoo
66.196.80,Yahoo
66.196.81.10,Yahoo
66.196.81.102,Yahoo
66.196.81.103,Yahoo
66.196.81.104,Yahoo
66.196.81.105,Yahoo
66.196.81.106,Yahoo
66.196.81.107,Yahoo
66.196.81.108,Yahoo
66.196.81.109,Yahoo
66.196.81.11,Yahoo
66.196.81.110,Yahoo
66.196.81.111,Yahoo
66.196.81.112,Yahoo
66.196.81.113,Yahoo
66.196.81.114,Yahoo
66.196.81.115,Yahoo
66.196.81.116,Yahoo
66.196.81.117,Yahoo
66.196.81.118,Yahoo
66.196.81.119,Yahoo
66.196.81.12,Yahoo
66.196.81.120,Yahoo
66.196.81.121,Yahoo
66.196.81.122,Yahoo
66.196.81.123,Yahoo
66.196.81.124,Yahoo
66.196.81.125,Yahoo
66.196.81.126,Yahoo
66.196.81.127,Yahoo
66.196.81.128,Yahoo
66.196.81.129,Yahoo
66.196.81.13,Yahoo
66.196.81.130,Yahoo
66.196.81.131,Yahoo
66.196.81.132,Yahoo
66.196.81.133,Yahoo
66.196.81.134,Yahoo
66.196.81.135,Yahoo
66.196.81.136,Yahoo
66.196.81.137,Yahoo
66.196.81.138,Yahoo
66.196.81.139,Yahoo
66.196.81.14,Yahoo
66.196.81.140,Yahoo
66.196.81.141,Yahoo
66.196.81.142,Yahoo
66.196.81.143,Yahoo
66.196.81.144,Yahoo
66.196.81.145,Yahoo
66.196.81.146,Yahoo
66.196.81.147,Yahoo
66.196.81.148,Yahoo
66.196.81.149,Yahoo
66.196.81.15,Yahoo
66.196.81.150,Yahoo
66.196.81.151,Yahoo
66.196.81.152,Yahoo
66.196.81.153,Yahoo
66.196.81.154,Yahoo
66.196.81.155,Yahoo
66.196.81.156,Yahoo
66.196.81.157,Yahoo
66.196.81.158,Yahoo
66.196.81.159,Yahoo
66.196.81.16,Yahoo
66.196.81.160,Yahoo
66.196.81.161,Yahoo
66.196.81.162,Yahoo
66.196.81.163,Yahoo
66.196.81.164,Yahoo
66.196.81.165,Yahoo
66.196.81.166,Yahoo
66.196.81.167,Yahoo
66.196.81.168,Yahoo
66.196.81.169,Yahoo
66.196.81.17,Yahoo
66.196.81.170,Yahoo
66.196.81.171,Yahoo
66.196.81.172,Yahoo
66.196.81.173,Yahoo
66.196.81.174,Yahoo
66.196.81.175,Yahoo
66.196.81.176,Yahoo
66.196.81.177,Yahoo
66.196.81.178,Yahoo
66.196.81.179,Yahoo
66.196.81.18,Yahoo
66.196.81.180,Yahoo
66.196.81.181,Yahoo
66.196.81.182,Yahoo
66.196.81.183,Yahoo
66.196.81.184,Yahoo
66.196.81.185,Yahoo
66.196.81.187,Yahoo
66.196.81.188,Yahoo
66.196.81.189,Yahoo
66.196.81.19,Yahoo
66.196.81.190,Yahoo
66.196.81.191,Yahoo
66.196.81.192,Yahoo
66.196.81.193,Yahoo
66.196.81.194,Yahoo
66.196.81.195,Yahoo
66.196.81.196,Yahoo
66.196.81.197,Yahoo
66.196.81.198,Yahoo
66.196.81.199,Yahoo
66.196.81.20,Yahoo
66.196.81.200,Yahoo
66.196.81.201,Yahoo
66.196.81.202,Yahoo
66.196.81.203,Yahoo
66.196.81.204,Yahoo
66.196.81.205,Yahoo
66.196.81.206,Yahoo
66.196.81.207,Yahoo
66.196.81.208,Yahoo
66.196.81.209,Yahoo
66.196.81.21,Yahoo
66.196.81.210,Yahoo
66.196.81.211,Yahoo
66.196.81.212,Yahoo
66.196.81.213,Yahoo
66.196.81.214,Yahoo
66.196.81.215,Yahoo
66.196.81.216,Yahoo
66.196.81.217,Yahoo
66.196.81.218,Yahoo
66.196.81.219,Yahoo
66.196.81.22,Yahoo
66.196.81.23,Yahoo
66.196.81.86,Yahoo
66.196.81.87,Yahoo
66.196.81.88,Yahoo
66.196.81.93,Yahoo
66.196.81.94,Yahoo
66.196.81.95,Yahoo
66.196.81.96,Yahoo
66.196.90,Yahoo
66.196.91,Yahoo
66.196.92,Yahoo
66.196.93.19,Yahoo
66.196.93.24,Yahoo
66.196.93.6,Yahoo
66.196.93.7,Yahoo
66.196.97,Yahoo
66.196.99.20,Yahoo
66.218.65.52,Yahoo
66.218.70,Yahoo
66.228.164,Yahoo
66.228.165,Yahoo
66.228.166,Yahoo
66.228.173,Yahoo
66.228.182.177,Yahoo
66.228.182.183,Yahoo
66.228.182.185,Yahoo
66.228.182.187,Yahoo
66.228.182.188,Yahoo
66.228.182.190,Yahoo
66.94.230.100,Yahoo
66.94.230.101,Yahoo
66.94.230.102,Yahoo
66.94.230.103,Yahoo
66.94.230.104,Yahoo
66.94.230.105,Yahoo
66.94.230.106,Yahoo
66.94.230.107,Yahoo
66.94.230.108,Yahoo
66.94.230.109,Yahoo
66.94.230.110,Yahoo
66.94.230.160,Yahoo
66.94.230.161,Yahoo
66.94.230.162,Yahoo
66.94.230.163,Yahoo
66.94.230.96,Yahoo
66.94.230.97,Yahoo
66.94.230.98,Yahoo
66.94.230.99,Yahoo
66.94.232,Yahoo
66.94.233,Yahoo
66.94.238.51,Yahoo
67.195.34,Yahoo
67.195.37,Yahoo
67.195.44,Yahoo
67.195.45,Yahoo
67.195.50.87,Yahoo
67.195.51,Yahoo
67.195.52,Yahoo
67.195.53.111,Yahoo
67.195.53.219,Yahoo
67.195.54,Yahoo
67.195.58,Yahoo
67.195.98,Yahoo
68.142.195.80,Yahoo
68.142.195.81,Yahoo
68.142.203.133,Yahoo
68.142.211.69,Yahoo
68.142.212.197,Yahoo
68.142.230.125,Yahoo
68.142.230.126,Yahoo
68.142.230.127,Yahoo
68.142.230.128,Yahoo
68.142.230.129,Yahoo
68.142.230.130,Yahoo
68.142.230.131,Yahoo
68.142.230.132,Yahoo
68.142.230.133,Yahoo
68.142.230.134,Yahoo
68.142.230.135,Yahoo
68.142.230.136,Yahoo
68.142.230.137,Yahoo
68.142.230.138,Yahoo
68.142.230.139,Yahoo
68.142.230.140,Yahoo
68.142.230.141,Yahoo
68.142.230.142,Yahoo
68.142.230.143,Yahoo
68.142.230.144,Yahoo
68.142.230.145,Yahoo
68.142.230.146,Yahoo
68.142.230.147,Yahoo
68.142.230.148,Yahoo
68.142.230.149,Yahoo
68.142.230.150,Yahoo
68.142.230.151,Yahoo
68.142.230.152,Yahoo
68.142.230.153,Yahoo
68.142.230.154,Yahoo
68.142.230.155,Yahoo
68.142.230.156,Yahoo
68.142.230.157,Yahoo
68.142.230.158,Yahoo
68.142.230.159,Yahoo
68.142.230.160,Yahoo
68.142.230.161,Yahoo
68.142.230.162,Yahoo
68.142.230.163,Yahoo
68.142.230.164,Yahoo
68.142.230.165,Yahoo
68.142.230.166,Yahoo
68.142.230.167,Yahoo
68.142.230.168,Yahoo
68.142.230.169,Yahoo
68.142.230.174,Yahoo
68.142.230.175,Yahoo
68.142.230.176,Yahoo
68.142.230.177,Yahoo
68.142.230.178,Yahoo
68.142.230.179,Yahoo
68.142.230.180,Yahoo
68.142.230.181,Yahoo
68.142.230.182,Yahoo
68.142.230.183,Yahoo
68.142.230.184,Yahoo
68.142.230.185,Yahoo
68.142.230.186,Yahoo
68.142.230.187,Yahoo
68.142.230.188,Yahoo
68.142.230.189,Yahoo
68.142.230.190,Yahoo
68.142.230.191,Yahoo
68.142.230.192,Yahoo
68.142.230.193,Yahoo
68.142.230.194,Yahoo
68.142.230.195,Yahoo
68.142.230.196,Yahoo
68.142.230.197,Yahoo
68.142.230.198,Yahoo
68.142.230.199,Yahoo
68.142.230.200,Yahoo
68.142.230.201,Yahoo
68.142.230.202,Yahoo
68.142.230.203,Yahoo
68.142.230.204,Yahoo
68.142.230.205,Yahoo
68.142.230.206,Yahoo
68.142.230.207,Yahoo
68.142.230.208,Yahoo
68.142.230.209,Yahoo
68.142.230.210,Yahoo
68.142.230.211,Yahoo
68.142.230.212,Yahoo
68.142.230.213,Yahoo
68.142.230.214,Yahoo
68.142.230.215,Yahoo
68.142.230.216,Yahoo
68.142.230.217,Yahoo
68.142.230.240,Yahoo
68.142.230.247,Yahoo
68.142.230.248,Yahoo
68.142.230.249,Yahoo
68.142.230.250,Yahoo
68.142.230.251,Yahoo
68.142.230.252,Yahoo
68.142.230.253,Yahoo
68.142.230.254,Yahoo
68.142.230.32,Yahoo
68.142.230.33,Yahoo
68.142.230.34,Yahoo
68.142.230.35,Yahoo
68.142.230.36,Yahoo
68.142.230.37,Yahoo
68.142.230.38,Yahoo
68.142.230.39,Yahoo
68.142.230.40,Yahoo
68.142.230.41,Yahoo
68.142.230.43,Yahoo
68.142.230.44,Yahoo
68.142.230.45,Yahoo
68.142.230.46,Yahoo
68.142.230.47,Yahoo
68.142.230.48,Yahoo
68.142.230.49,Yahoo
68.142.231.49,Yahoo
68.142.240.106,Yahoo
68.142.246,Yahoo
68.142.249,Yahoo
68.142.250,Yahoo
68.142.251,Yahoo
68.180.216.111,Yahoo
68.180.250,Yahoo
68.180.251,Yahoo
69.147.79.131,Yahoo
69.147.79.137,Yahoo
69.147.79.173,Yahoo
72.30.101,Yahoo
72.30.102,Yahoo
72.30.103,Yahoo
72.30.104,Yahoo
72.30.107,Yahoo
72.30.110,Yahoo
72.30.111,Yahoo
72.30.124.128,Yahoo
72.30.124.130,Yahoo
72.30.124.134,Yahoo
72.30.128,Yahoo
72.30.129,Yahoo
72.30.131,Yahoo
72.30.132,Yahoo
72.30.133,Yahoo
72.30.134,Yahoo
72.30.135,Yahoo
72.30.142,Yahoo
72.30.142.24,Yahoo
72.30.142.25,Yahoo
72.30.161,Yahoo
72.30.177,Yahoo
72.30.179,Yahoo
72.30.213.101,Yahoo
72.30.214,Yahoo
72.30.215,Yahoo
72.30.216,Yahoo
72.30.221,Yahoo
72.30.226,Yahoo
72.30.252,Yahoo
72.30.54,Yahoo
72.30.56,Yahoo
72.30.60,Yahoo
72.30.61,Yahoo
72.30.65,Yahoo
72.30.78,Yahoo
72.30.79,Yahoo
72.30.81,Yahoo
72.30.87,Yahoo
72.30.9,Yahoo
72.30.97,Yahoo
72.30.98,Yahoo
72.30.99,Yahoo
74.6.11,Yahoo
74.6.12,Yahoo
74.6.13,Yahoo
74.6.131,Yahoo
74.6.16,Yahoo
74.6.17,Yahoo
74.6.18,Yahoo
74.6.19,Yahoo
74.6.20,Yahoo
74.6.21,Yahoo
74.6.22,Yahoo
74.6.23,Yahoo
74.6.24,Yahoo
74.6.240,Yahoo
74.6.25,Yahoo
74.6.26,Yahoo
74.6.27,Yahoo
74.6.28,Yahoo
74.6.29,Yahoo
74.6.30,Yahoo
74.6.31,Yahoo
74.6.65,Yahoo
74.6.66,Yahoo
74.6.67,Yahoo
74.6.68,Yahoo
74.6.69,Yahoo
74.6.7,Yahoo
74.6.70,Yahoo
74.6.71,Yahoo
74.6.72,Yahoo
74.6.73,Yahoo
74.6.74,Yahoo
74.6.75,Yahoo
74.6.76,Yahoo
74.6.79,Yahoo
74.6.8,Yahoo
74.6.85,Yahoo
74.6.86,Yahoo
74.6.87,Yahoo
74.6.9,Yahoo
166.48.225.254,Lycos
202.232.118.40,Lycos
202.232.118.51,Lycos
206.79.171,Lycos
207.77.90,Lycos
207.77.91.184,Lycos
208.146.26,Lycos
208.146.27.123,Lycos
208.146.27.124,Lycos
208.146.27.57,Lycos
208.146.27.58,Lycos
208.146.27.59,Lycos
208.146.27.60,Lycos
208.146.27.62,Lycos
208.146.27.89,Lycos
208.146.27.90,Lycos
208.146.27.91,Lycos
208.146.27.92,Lycos
208.146.27.93,Lycos
208.146.27.94,Lycos
208.146.27.95,Lycos
208.146.27.96,Lycos
209.202.192,Lycos
209.202.192.147,Lycos
209.202.193,Lycos
209.202.194.237,Lycos
209.202.194.238,Lycos
209.202.205.1,Lycos
209.202.240.109,Lycos
209.202.240.8,Lycos
209.202.248.211,Lycos
209.202.248.212,Lycos
209.202.248.213,Lycos
209.202.248.214,Lycos
209.67.228,Lycos
209.67.229,Lycos
211.51.63.4,Lycos
213.193.19.35,Lycos
64.89.33,Lycos
195.145.119.24,Infoseek
195.145.119.25,Infoseek
198.5.208,Infoseek
198.5.210,Infoseek
202.33.250.146,Infoseek
202.33.250.147,Infoseek
202.33.250.148,Infoseek
202.33.250.149,Infoseek
202.33.250.150,Infoseek
202.33.250.151,Infoseek
202.33.250.152,Infoseek
202.33.250.153,Infoseek
202.33.250.154,Infoseek
204.162.96,Infoseek
204.162.97.1,Infoseek
204.162.97.152,Infoseek
204.162.97.17,Infoseek
204.162.97.2,Infoseek
204.162.97.205,Infoseek
204.162.97.228,Infoseek
204.162.97.231,Infoseek
204.162.97.3,Infoseek
204.162.97.32,Infoseek
204.162.98.11,Infoseek
204.162.98.12,Infoseek
204.162.98.124,Infoseek
204.162.98.126,Infoseek
204.162.98.151,Infoseek
204.162.98.161,Infoseek
204.162.98.168,Infoseek
204.162.98.18,Infoseek
204.162.98.192,Infoseek
204.162.98.2,Infoseek
204.162.98.237,Infoseek
204.162.98.27,Infoseek
204.162.98.3,Infoseek
204.162.98.36,Infoseek
204.162.98.38,Infoseek
204.162.98.4,Infoseek
204.162.98.45,Infoseek
204.162.98.48,Infoseek
204.162.98.49,Infoseek
204.162.98.5,Infoseek
204.162.98.6,Infoseek
204.162.98.7,Infoseek
204.162.98.8,Infoseek
204.162.98.80,Infoseek
204.162.98.88,Infoseek
204.162.98.9,Infoseek
204.162.98.91,Infoseek
204.162.98.98,Infoseek
204.202.132.19,Infoseek
205.226.201,Infoseek
205.226.203.186,Infoseek
205.226.203.35,Infoseek
205.226.203.56,Infoseek
205.226.203.62,Infoseek
205.226.204.238,Infoseek
206.3.30.196,Infoseek
206.3.30.250,Infoseek
206.3.30.251,Infoseek
210.148.160.157,Infoseek
210.148.160.163,Infoseek
210.148.160.165,Infoseek
210.148.160.206,Infoseek
210.155.157,Infoseek
210.155.159,Infoseek
210.236.233.130,Infoseek
210.236.233.131,Infoseek
210.236.233.132,Infoseek
210.236.233.133,Infoseek
210.236.233.135,Infoseek
210.236.233.136,Infoseek
210.236.233.137,Infoseek
210.236.233.139,Infoseek
210.236.233.150,Infoseek
210.236.233.151,Infoseek
210.236.233.155,Infoseek
210.236.233.160,Infoseek
210.236.233.161,Infoseek
211.13.222.230,Infoseek
211.18.214.194,Infoseek
212.185.44.10,Infoseek
212.185.44.11,Infoseek
212.185.44.12,Infoseek
212.185.44.15,Infoseek
128.177.243,Alta Vista
128.177.244.100,Alta Vista
128.177.244.86,Alta Vista
194.112.94.250,Alta Vista
194.112.94.251,Alta Vista
194.112.94.252,Alta Vista
194.201.146.1,Alta Vista
194.201.146.24,Alta Vista
194.221.84.11,Alta Vista
194.221.84.15,Alta Vista
194.221.84.31,Alta Vista
194.221.84.32,Alta Vista
194.221.84.33,Alta Vista
194.221.84.34,Alta Vista
194.221.84.38,Alta Vista
194.221.84.39,Alta Vista
194.221.84.40,Alta Vista
194.221.84.41,Alta Vista
194.51.33.72,Alta Vista
204.123.13.36,Alta Vista
204.123.13.65,Alta Vista
204.123.13.66,Alta Vista
204.123.2,Alta Vista
204.123.28.10,Alta Vista
204.123.28.11,Alta Vista
204.123.28.20,Alta Vista
204.123.28.21,Alta Vista
204.123.28.27,Alta Vista
204.123.28.30,Alta Vista
204.123.28.31,Alta Vista
204.123.28.32,Alta Vista
204.123.28.33,Alta Vista
204.123.9,Alta Vista
204.152.190,Alta Vista
204.152.191,Alta Vista
205.229.83.18,Alta Vista
208.185.243.148,Alta Vista
208.221.32,Alta Vista
208.221.35.200,Alta Vista
208.221.35.201,Alta Vista
208.221.35.202,Alta Vista
208.221.35.203,Alta Vista
208.221.35.204,Alta Vista
208.221.35.205,Alta Vista
208.221.35.206,Alta Vista
208.221.35.207,Alta Vista
209.247.40.246,Alta Vista
209.73.160.1,Alta Vista
209.73.160.250,Alta Vista
209.73.160.254,Alta Vista
209.73.162,Alta Vista
209.73.164,Alta Vista
209.73.174.250,Alta Vista
209.73.174.251,Alta Vista
209.73.180,Alta Vista
212.187.213.171,Alta Vista
212.187.213.172,Alta Vista
212.187.213.173,Alta Vista
212.187.213.174,Alta Vista
212.187.213.175,Alta Vista
212.187.226,Alta Vista
212.187.226.42,Alta Vista
212.187.226.83,Alta Vista
212.187.226.84,Alta Vista
212.187.226.85,Alta Vista
212.187.226.87,Alta Vista
212.187.226.88,Alta Vista
212.187.226.93,Alta Vista
212.187.226.99,Alta Vista
212.187.227,Alta Vista
216.39.48,Alta Vista
216.39.50,Alta Vista
216.39.51,Alta Vista
64.152.75,Alta Vista
66.17.148.128,Alta Vista
66.17.148.129,Alta Vista
66.17.148.130,Alta Vista
66.17.148.131,Alta Vista
66.17.148.132,Alta Vista
66.17.148.133,Alta Vista
66.17.148.134,Alta Vista
66.17.148.135,Alta Vista
66.17.148.136,Alta Vista
66.17.148.137,Alta Vista
66.17.148.138,Alta Vista
66.17.148.139,Alta Vista
66.17.148.140,Alta Vista
66.17.148.141,Alta Vista
66.17.148.142,Alta Vista
66.17.148.143,Alta Vista
66.17.148.144,Alta Vista
66.17.148.145,Alta Vista
66.17.148.146,Alta Vista
66.17.148.147,Alta Vista
66.17.148.148,Alta Vista
66.17.148.149,Alta Vista
66.17.148.150,Alta Vista
66.17.148.151,Alta Vista
66.17.148.152,Alta Vista
66.17.148.153,Alta Vista
66.17.148.154,Alta Vista
66.17.148.155,Alta Vista
66.17.148.156,Alta Vista
66.17.148.157,Alta Vista
66.17.148.158,Alta Vista
66.17.148.159,Alta Vista
66.17.148.160,Alta Vista
66.17.148.161,Alta Vista
66.17.148.162,Alta Vista
66.17.148.163,Alta Vista
66.17.148.164,Alta Vista
66.17.148.165,Alta Vista
66.17.148.166,Alta Vista
66.17.148.167,Alta Vista
66.17.148.168,Alta Vista
66.17.148.169,Alta Vista
66.17.148.170,Alta Vista
66.17.148.171,Alta Vista
66.17.148.172,Alta Vista
66.17.148.173,Alta Vista
66.17.148.174,Alta Vista
66.17.148.175,Alta Vista
66.17.148.176,Alta Vista
66.17.148.177,Alta Vista
66.17.148.178,Alta Vista
66.17.148.179,Alta Vista
66.17.148.180,Alta Vista
66.17.148.181,Alta Vista
66.17.148.182,Alta Vista
66.17.148.183,Alta Vista
66.17.148.184,Alta Vista
66.17.148.185,Alta Vista
66.17.148.186,Alta Vista
66.17.148.187,Alta Vista
66.17.148.188,Alta Vista
66.17.148.189,Alta Vista
66.17.148.190,Alta Vista
66.17.148.191,Alta Vista
66.163.170.193,Alta Vista
198.3.103,Exite
199.172.148.105,Exite
199.172.148.11,Exite
199.172.148.37,Exite
199.172.149,Exite
199.172.152.238,Exite
199.172.152.34,Exite
199.172.152.54,Exite
199.172.152.56,Exite
199.172.152.57,Exite
199.172.152.95,Exite
199.172.153.174,Exite
199.172.153.178,Exite
199.172.156.168,Exite
199.172.156.169,Exite
199.172.156.170,Exite
199.172.156.219,Exite
199.172.157.28,Exite
204.62.245,Exite
131.107.0,MSN
131.107.137.165,MSN
131.107.137.166,MSN
131.107.137.37,MSN
131.107.137.47,MSN
131.107.163.47,MSN
131.107.163.48,MSN
131.107.163.49,MSN
131.107.163.57,MSN
131.107.163.58,MSN
131.107.76.139,MSN
202.96.51.137,MSN
202.96.51.144,MSN
202.96.51.145,MSN
202.96.51.147,MSN
202.96.51.148,MSN
202.96.51.149,MSN
202.96.51.150,MSN
202.96.51.151,MSN
202.96.51.152,MSN
202.96.51.153,MSN
202.96.51.154,MSN
202.96.51.155,MSN
202.96.51.156,MSN
202.96.51.157,MSN
202.96.51.158,MSN
202.96.51.159,MSN
202.96.51.162,MSN
202.96.51.172,MSN
204.4.80.10,MSN
204.95.98.251,MSN
204.95.98.252,MSN
204.95.98.253,MSN
207.46.238.133,MSN
207.46.238.137,MSN
207.46.238.138,MSN
207.46.238.143,MSN
207.46.71.12,MSN
207.46.71.16,MSN
207.46.89.16,MSN
207.46.89.17,MSN
207.46.98,MSN
207.68.146,MSN
207.68.154,MSN
207.68.157,MSN
207.68.188.241,MSN
207.68.188.242,MSN
207.68.188.243,MSN
207.68.188.244,MSN
213.199.128.156,MSN
219.142.53.16,MSN
219.142.53.17,MSN
219.142.53.18,MSN
219.142.53.19,MSN
219.142.53.20,MSN
219.142.53.21,MSN
219.142.53.22,MSN
219.142.53.23,MSN
219.142.53.24,MSN
219.142.53.25,MSN
219.142.53.26,MSN
219.142.53.27,MSN
219.142.53.28,MSN
219.142.53.29,MSN
219.142.53.30,MSN
63.194.155.144,MSN
63.194.155.145,MSN
63.194.155.146,MSN
63.194.155.147,MSN
63.194.155.148,MSN
63.194.155.149,MSN
63.194.155.150,MSN
63.194.155.151,MSN
64.4.8,MSN
65.54.112.146,MSN
65.54.164.100,MSN
65.54.164.101,MSN
65.54.164.102,MSN
65.54.164.103,MSN
65.54.164.104,MSN
65.54.164.105,MSN
65.54.164.106,MSN
65.54.164.107,MSN
65.54.164.108,MSN
65.54.164.109,MSN
65.54.164.110,MSN
65.54.164.111,MSN
65.54.164.112,MSN
65.54.164.113,MSN
65.54.164.114,MSN
65.54.164.115,MSN
65.54.164.116,MSN
65.54.164.117,MSN
65.54.164.118,MSN
65.54.164.119,MSN
65.54.164.120,MSN
65.54.164.121,MSN
65.54.164.122,MSN
65.54.164.123,MSN
65.54.164.124,MSN
65.54.164.125,MSN
65.54.164.126,MSN
65.54.164.127,MSN
65.54.164.128,MSN
65.54.164.129,MSN
65.54.164.130,MSN
65.54.164.131,MSN
65.54.164.132,MSN
65.54.164.133,MSN
65.54.164.134,MSN
65.54.164.135,MSN
65.54.164.34,MSN
65.54.164.35,MSN
65.54.164.36,MSN
65.54.164.37,MSN
65.54.164.38,MSN
65.54.164.39,MSN
65.54.164.40,MSN
65.54.164.41,MSN
65.54.164.42,MSN
65.54.164.43,MSN
65.54.164.44,MSN
65.54.164.45,MSN
65.54.164.46,MSN
65.54.164.47,MSN
65.54.164.48,MSN
65.54.164.49,MSN
65.54.164.50,MSN
65.54.164.51,MSN
65.54.164.52,MSN
65.54.164.53,MSN
65.54.164.54,MSN
65.54.164.55,MSN
65.54.164.56,MSN
65.54.164.57,MSN
65.54.164.58,MSN
65.54.164.59,MSN
65.54.164.60,MSN
65.54.164.61,MSN
65.54.164.62,MSN
65.54.164.63,MSN
65.54.164.64,MSN
65.54.164.65,MSN
65.54.164.66,MSN
65.54.164.67,MSN
65.54.164.68,MSN
65.54.164.69,MSN
65.54.164.70,MSN
65.54.164.71,MSN
65.54.164.72,MSN
65.54.164.73,MSN
65.54.164.74,MSN
65.54.164.75,MSN
65.54.164.76,MSN
65.54.164.77,MSN
65.54.164.78,MSN
65.54.164.79,MSN
65.54.164.80,MSN
65.54.164.81,MSN
65.54.164.82,MSN
65.54.164.83,MSN
65.54.164.84,MSN
65.54.164.85,MSN
65.54.164.86,MSN
65.54.164.87,MSN
65.54.164.88,MSN
65.54.164.89,MSN
65.54.164.90,MSN
65.54.164.91,MSN
65.54.164.92,MSN
65.54.164.93,MSN
65.54.164.94,MSN
65.54.164.95,MSN
65.54.164.96,MSN
65.54.164.97,MSN
65.54.164.98,MSN
65.54.164.99,MSN
65.54.165,MSN
65.54.188,MSN
65.54.189,MSN
65.54.236.87,MSN
65.54.236.88,MSN
65.54.236.90,MSN
65.55.104,MSN
65.55.105,MSN
65.55.107,MSN
65.55.108,MSN
65.55.109,MSN
65.55.110,MSN
65.55.160,MSN
65.55.165,MSN
65.55.208,MSN
65.55.209,MSN
65.55.210,MSN
65.55.211,MSN
65.55.212,MSN
65.55.213,MSN
65.55.214,MSN
65.55.215,MSN
65.55.216,MSN
65.55.217.53,MSN
65.55.217.54,MSN
65.55.217.55,MSN
65.55.217.56,MSN
65.55.217.57,MSN
65.55.230,MSN
65.55.232,MSN
65.55.233,MSN
65.55.235,MSN
65.55.241,MSN
65.55.246,MSN
65.55.25,MSN
65.55.252,MSN
68.55.252,MSN
140.239.126.13,ASK
140.239.251.220,ASK
140.239.251.221,ASK
140.239.251.222,ASK
140.239.251.223,ASK
140.239.251.224,ASK
140.239.251.230,ASK
207.204.132.233,ASK
207.204.132.234,ASK
208.178.104.55,ASK
209.67.252.197,ASK
209.67.252.199,ASK
209.67.252.211,ASK
209.67.252.212,ASK
209.67.252.213,ASK
209.67.252.214,ASK
209.67.252.215,ASK
209.67.252.216,ASK
210.51.25.142,ASK
211.13.230.249,ASK
216.143.191.131,ASK
216.200.130.20,ASK
216.200.130.200,ASK
216.200.130.201,ASK
216.200.130.202,ASK
216.200.130.203,ASK
216.200.130.204,ASK
216.200.130.205,ASK
216.200.130.206,ASK
216.200.130.207,ASK
216.200.130.208,ASK
216.200.130.209,ASK
216.200.130.210,ASK
216.200.130.242,ASK
216.200.130.244,ASK
216.200.130.245,ASK
216.200.130.246,ASK
216.200.130.248,ASK
216.200.130.249,ASK
216.200.130.26,ASK
216.200.130.77,ASK
216.200.130.78,ASK
216.200.130.79,ASK
216.200.130.85,ASK
216.200.130.86,ASK
216.200.130.87,ASK
216.200.130.88,ASK
216.200.130.89,ASK
216.34.121.100,ASK
216.34.121.18,ASK
216.34.121.19,ASK
216.34.121.31,ASK
216.34.121.32,ASK
216.34.121.33,ASK
216.34.121.34,ASK
216.34.121.67,ASK
216.34.121.68,ASK
63.123.238.50,ASK
63.123.238.54,ASK
63.123.238.8,ASK
63.236.92.143,ASK
63.236.92.144,ASK
63.236.92.145,ASK
63.236.92.146,ASK
63.236.92.147,ASK
63.236.92.148,ASK
63.236.92.149,ASK
63.236.92.150,ASK
63.236.92.151,ASK
63.236.92.152,ASK
63.236.92.153,ASK
64.55.148.3,ASK
64.55.148.37,ASK
64.55.148.38,ASK
64.55.148.39,ASK
64.55.148.4,ASK
64.55.148.43,ASK
64.55.148.44,ASK
64.55.148.45,ASK
64.55.148.5,ASK
64.55.148.50,ASK
64.55.148.51,ASK
64.55.148.52,ASK
64.55.148.53,ASK
64.55.148.54,ASK
65.119.214.9,ASK
65.192.195.0,ASK
65.192.195.1,ASK
65.192.195.10,ASK
65.192.195.11,ASK
65.192.195.12,ASK
65.192.195.13,ASK
65.192.195.14,ASK
65.192.195.15,ASK
65.192.195.16,ASK
65.192.195.17,ASK
65.192.195.18,ASK
65.192.195.19,ASK
65.192.195.2,ASK
65.192.195.20,ASK
65.192.195.21,ASK
65.192.195.22,ASK
65.192.195.23,ASK
65.192.195.24,ASK
65.192.195.25,ASK
65.192.195.26,ASK
65.192.195.27,ASK
65.192.195.28,ASK
65.192.195.29,ASK
65.192.195.3,ASK
65.192.195.30,ASK
65.192.195.31,ASK
65.192.195.4,ASK
65.192.195.5,ASK
65.192.195.6,ASK
65.192.195.7,ASK
65.192.195.8,ASK
65.192.195.9,ASK
65.214.32,ASK
65.214.36,ASK
65.214.38,ASK
65.214.44,ASK
65.214.45,ASK
66.235.124,ASK
